epoch,expert,n,mae,mse,r2,lr,train_loss
1,1,2047,0.05722726136445999,0.012997979298233986,-2.7977545261383057,0.0016875946494005715,27.015586841731302
1,2,652,0.339548259973526,0.16651202738285065,-9.321320533752441,0.0016875946494005715,27.015586841731302
1,3,745,0.2994658052921295,0.141244038939476,-0.16232001781463623,0.0016875946494005715,27.015586841731302
1,4,505,0.20348185300827026,0.09554357826709747,-0.7377934455871582,0.0016875946494005715,27.015586841731302
1,hard_routed_overall,3949,0.16824260354042053,0.0730942040681839,0.5066475868225098,0.0016875946494005715,27.015586841731302
2,1,2047,0.04249940067529678,0.007319414522498846,-1.1385893821716309,0.0016875946494005715,0.04006274716906069
2,2,652,0.007132721599191427,7.631917833350599e-05,0.9952692985534668,0.0016875946494005715,0.04006274716906069
2,3,745,0.02604205720126629,0.0010919958585873246,0.991013765335083,0.0016875946494005715,0.04006274716906069
2,4,505,0.048003584146499634,0.00391351105645299,0.9288191199302673,0.0016875946494005715,0.04006274716906069
2,hard_routed_overall,3949,0.03425929695367813,0.004513157997280359,0.9695382714271545,0.0016875946494005715,0.04006274716906069
3,1,2047,0.07091348618268967,0.014465129934251308,-3.2264270782470703,0.0016875946494005715,0.00593367384041607
3,2,652,0.011902296915650368,0.00020375994790811092,0.9873698353767395,0.0016875946494005715,0.00593367384041607
3,3,745,0.02429598569869995,0.0008648954099044204,0.9928826093673706,0.0016875946494005715,0.00593367384041607
3,4,505,0.018129568547010422,0.0008982369326986372,0.9836624264717102,0.0016875946494005715,0.00593367384041607
3,hard_routed_overall,3949,0.04562576860189438,0.007809807080775499,0.947287380695343,0.0016875946494005715,0.00593367384041607
4,1,2047,0.044424254447221756,0.002269070828333497,0.337022066116333,0.0016875946494005715,0.008227259687696314
4,2,652,0.0044641378335654736,3.1369487260235474e-05,0.9980555772781372,0.0016875946494005715,0.008227259687696314
4,3,745,0.052395910024642944,0.003949277568608522,0.9675007462501526,0.0016875946494005715,0.008227259687696314
4,4,505,0.026418020948767662,0.002077750861644745,0.9622088670730591,0.0016875946494005715,0.008227259687696314
4,hard_routed_overall,3949,0.037027884274721146,0.0021921286825090647,0.9852041602134705,0.0016875946494005715,0.008227259687696314
5,1,2047,0.023995613679289818,0.0007133325561881065,0.7915782332420349,0.0016875946494005715,0.0011906808454847533
5,2,652,0.0057229166850447655,4.78656220366247e-05,0.9970329999923706,0.0016875946494005715,0.0011906808454847533
5,3,745,0.013152320869266987,0.0003705856797751039,0.9969503879547119,0.0016875946494005715,0.0011906808454847533
5,4,505,0.05050250515341759,0.004696690011769533,0.9145743250846863,0.0016875946494005715,0.0011906808454847533
5,hard_routed_overall,3949,0.022322768345475197,0.0010481930803507566,0.9929251670837402,0.0016875946494005715,0.0011906808454847533
6,1,2047,0.01784873753786087,0.0004966985434293747,0.8548744320869446,0.0016875946494005715,0.002282881882556173
6,2,652,0.0061697508208453655,8.211573731387034e-05,0.9949100017547607,0.0016875946494005715,0.002282881882556173
6,3,745,0.030117101967334747,0.0016406194772571325,0.9864990711212158,0.0016875946494005715,0.002282881882556173
6,4,505,0.028554672375321388,0.0010967279085889459,0.9800521731376648,0.0016875946494005715,0.002282881882556173
6,hard_routed_overall,3949,0.019604049623012543,0.0007207876769825816,0.9951350092887878,0.0016875946494005715,0.002282881882556173
7,1,2047,0.015741949900984764,0.00048041180707514286,0.8596330881118774,0.0016875946494005715,0.0016860514250208413
7,2,652,0.0051000118255615234,4.54483088105917e-05,0.9971828460693359,0.0016875946494005715,0.0016860514250208413
7,3,745,0.025829320773482323,0.000848545110784471,0.9930171966552734,0.0016875946494005715,0.0016860514250208413
7,4,505,0.02643827348947525,0.001081750262528658,0.9803246259689331,0.0016875946494005715,0.0016860514250208413
7,hard_routed_overall,3949,0.01725580170750618,0.0005549468914978206,0.9962543845176697,0.0016875946494005715,0.0016860514250208413
8,1,2047,0.020456094294786453,0.0012155375443398952,0.6448437571525574,0.0016875946494005715,0.002018828941800166
8,2,652,0.01562316995114088,0.0003956408181693405,0.9754760265350342,0.0016875946494005715,0.002018828941800166
8,3,745,0.049149636179208755,0.0044899871572852135,0.9630511999130249,0.0016875946494005715,0.002018828941800166
8,4,505,0.02322915382683277,0.001187533256597817,0.9784005880355835,0.0016875946494005715,0.002018828941800166
8,hard_routed_overall,3949,0.02542596496641636,0.0016943297814577818,0.9885640740394592,0.0016875946494005715,0.002018828941800166
9,1,2047,0.01786351390182972,0.0003608945698942989,0.8945536613464355,0.0016875946494005715,0.2095197113869231
9,2,652,0.0046110874973237514,3.5775181459030136e-05,0.9977824687957764,0.0016875946494005715,0.2095197113869231
9,3,745,0.028426770120859146,0.00113083072938025,0.9906942248344421,0.0016875946494005715,0.2095197113869231
9,4,505,0.11623029410839081,0.04070192202925682,0.25969356298446655,0.0016875946494005715,0.2095197113869231
9,hard_routed_overall,3949,0.03024747595191002,0.005611298140138388,0.9621263146400452,0.0016875946494005715,0.2095197113869231
10,1,2047,0.012968070805072784,0.00048111352953128517,0.8594280481338501,0.0016875946494005715,0.0012872089615895324
10,2,652,0.007097307126969099,9.75250150077045e-05,0.9939548969268799,0.0016875946494005715,0.0012872089615895324
10,3,745,0.012137552723288536,0.00035238696727901697,0.9971001744270325,0.0016875946494005715,0.0012872089615895324
10,4,505,0.017109865322709084,0.0005966463941149414,0.9891479015350342,0.0016875946494005715,0.0012872089615895324
10,hard_routed_overall,3949,0.012371751479804516,0.0004082705418113619,0.9972443580627441,0.0016875946494005715,0.0012872089615895324
11,1,2047,0.020119646564126015,0.0005483526038005948,0.8397821187973022,0.0016875946494005715,0.0011077932812763574
11,2,652,0.006256870925426483,7.245928281918168e-05,0.9955085515975952,0.0016875946494005715,0.0011077932812763574
11,3,745,0.02172917313873768,0.0006899801664985716,0.9943220615386963,0.0016875946494005715,0.0011077932812763574
11,4,505,0.016131889075040817,0.00043455781997181475,0.9920960664749146,0.0016875946494005715,0.0011077932812763574
11,hard_routed_overall,3949,0.017624521628022194,0.00048194691771641374,0.9967470765113831,0.0016875946494005715,0.0011077932812763574
12,1,2047,0.7010093331336975,0.9513230919837952,-276.95794677734375,0.0016875946494005715,0.060471274898337736
12,2,652,0.0059903389774262905,7.33287597540766e-05,0.9954546689987183,0.0016875946494005715,0.060471274898337736
12,3,745,0.015605814754962921,0.0003733618068508804,0.9969275593757629,0.0016875946494005715,0.060471274898337736
12,4,505,0.023221159353852272,0.0007780281011946499,0.9858488440513611,0.0016875946494005715,0.060471274898337736
12,hard_routed_overall,3949,0.3702772259712219,0.49330899119377136,-2.3296093940734863,0.0016875946494005715,0.060471274898337736
13,1,2047,0.0346573069691658,0.001938065979629755,0.4337351322174072,0.0016875946494005715,0.25922794874303134
13,2,652,0.010190925560891628,0.00015316379722207785,0.9905060529708862,0.0016875946494005715,0.25922794874303134
13,3,745,0.9704092741012573,1.3742904663085938,-10.309258460998535,0.0016875946494005715,0.25922794874303134
13,4,505,0.015563257038593292,0.0005375044420361519,0.9902235865592957,0.0016875946494005715,0.25922794874303134
13,hard_routed_overall,3949,0.20471064746379852,0.26036587357521057,-0.7573502063751221,0.0016875946494005715,0.25922794874303134
14,1,2047,0.021883422508835793,0.0022113448940217495,0.35388845205307007,0.0016875946494005715,0.22957283121837874
14,2,652,0.005090896971523762,4.953027018927969e-05,0.9969298243522644,0.0016875946494005715,0.22957283121837874
14,3,745,0.029324417933821678,0.0013238361570984125,0.9891059398651123,0.0016875946494005715,0.22957283121837874
14,4,505,0.013134901411831379,0.0002960414858534932,0.9946154356002808,0.0016875946494005715,0.22957283121837874
14,hard_routed_overall,3949,0.01939590834081173,0.001442055101506412,0.9902667999267578,0.0016875946494005715,0.22957283121837874
15,1,2047,0.013019810430705547,0.00027433453942649066,0.9198448657989502,0.0016875946494005715,0.0010195897259343896
15,2,652,0.03199303522706032,0.0018947714706882834,0.8825517892837524,0.0016875946494005715,0.0010195897259343896
15,3,745,0.015498068183660507,0.0004852750280406326,0.9960066080093384,0.0016875946494005715,0.0010195897259343896
15,4,505,0.023656656965613365,0.0007293586968444288,0.9867340922355652,0.0016875946494005715,0.0010195897259343896
15,hard_routed_overall,3949,0.017980167642235756,0.0006398606346920133,0.9956812262535095,0.0016875946494005715,0.0010195897259343896
16,1,2047,0.008418746292591095,0.00010517373448237777,0.9692702889442444,0.0016875946494005715,0.0009387245058127108
16,2,652,0.013888259418308735,0.0004233822110109031,0.9737564921379089,0.0016875946494005715,0.0009387245058127108
16,3,745,0.013078857213258743,0.00035326057695783675,0.9970929622650146,0.0016875946494005715,0.0009387245058127108
16,4,505,0.009986056946218014,0.00019715979578904808,0.9964139461517334,0.0016875946494005715,0.0009387245058127108
16,hard_routed_overall,3949,0.010401373729109764,0.00021627770911436528,0.9985402226448059,0.0016875946494005715,0.0009387245058127108
17,1,2047,0.014000087976455688,0.0002594653342384845,0.9241893291473389,0.0016875946494005715,0.00048088724190987
17,2,652,0.009184307418763638,0.00013626430882140994,0.9915536046028137,0.0016875946494005715,0.00048088724190987
17,3,745,0.013984113931655884,0.00027641819906421006,0.9977253079414368,0.0016875946494005715,0.00048088724190987
17,4,505,0.008949126116931438,0.00016557166236452758,0.9969884753227234,0.0016875946494005715,0.00048088724190987
17,hard_routed_overall,3949,0.012556045316159725,0.00023031530145090073,0.998445451259613,0.0016875946494005715,0.00048088724190987
18,1,2047,0.004350154660642147,4.216046727378853e-05,0.9876815676689148,0.0016875946494005715,0.0004579328586612152
18,2,652,0.00471577700227499,3.807034227065742e-05,0.9976401925086975,0.0016875946494005715,0.0004579328586612152
18,3,745,0.01888505183160305,0.0004457412287592888,0.9963319301605225,0.0016875946494005715,0.0004579328586612152
18,4,505,0.008927321061491966,0.00016454039723612368,0.9970072507858276,0.0016875946494005715,0.0004579328586612152
18,hard_routed_overall,3949,0.007737936917692423,0.00013327282795216888,0.9991004467010498,0.0016875946494005715,0.0004579328586612152
19,1,2047,0.01029434334486723,0.0001167871305369772,0.965877115726471,0.0016875946494005715,0.0003460506320533891
19,2,652,0.015282456763088703,0.0002744521771091968,0.9829879403114319,0.0016875946494005715,0.0003460506320533891
19,3,745,0.016582544893026352,0.0003752728516701609,0.9969118237495422,0.0016875946494005715,0.0003460506320533891
19,4,505,0.005523388274013996,6.97555806254968e-05,0.998731255531311,0.0016875946494005715,0.0003460506320533891
19,hard_routed_overall,3949,0.011694097891449928,0.00018556872964836657,0.9987474679946899,0.0016875946494005715,0.0003460506320533891
20,1,2047,0.005427059717476368,9.269748989026994e-05,0.9729155898094177,0.0016875946494005715,1.0867387691849275
20,2,652,0.03933154419064522,0.0040693096816539764,0.7477620840072632,0.0016875946494005715,1.0867387691849275
20,3,745,0.00781231140717864,9.557199518894777e-05,0.9992135167121887,0.0016875946494005715,1.0867387691849275
20,4,505,0.004481174983084202,5.5831940699135885e-05,0.9989845156669617,0.0016875946494005715,1.0867387691849275
20,hard_routed_overall,3949,0.011353892274200916,0.0007450843113474548,0.9949710369110107,0.0016875946494005715,1.0867387691849275
21,1,2047,0.007629670202732086,8.500146941514686e-05,0.9751642346382141,0.0016875946494005715,0.0005514113045430877
21,2,652,0.010007696226239204,0.00014678356819786131,0.990901529788971,0.0016875946494005715,0.0005514113045430877
21,3,745,0.008693993091583252,0.000123753838124685,0.9989815950393677,0.0016875946494005715,0.0005514113045430877
21,4,505,0.005762179382145405,6.876711995573714e-05,0.9987492561340332,0.0016875946494005715,0.0005514113045430877
21,hard_routed_overall,3949,0.00798426941037178,0.00010043679503723979,0.9993221163749695,0.0016875946494005715,0.0005514113045430877
22,1,2047,0.010221420787274837,0.00024342120741494,0.9288771152496338,0.0016875946494005715,0.00036361144274480703
22,2,652,0.007007076870650053,5.991010766592808e-05,0.9962864518165588,0.0016875946494005715,0.00036361144274480703
22,3,745,0.009775161743164062,0.00014258410374168307,0.9988266229629517,0.0016875946494005715,0.00036361144274480703
22,4,505,0.0076760114170610905,0.00010611468314891681,0.9980699419975281,0.0016875946494005715,0.00036361144274480703
22,hard_routed_overall,3949,0.009281019680202007,0.0001765403285389766,0.9988084435462952,0.0016875946494005715,0.00036361144274480703
23,1,2047,0.006634545978158712,0.00014745359658263624,0.9569169282913208,0.0016875946494005715,0.0004515673704924167
23,2,652,0.005069465842097998,4.174731293460354e-05,0.9974122643470764,0.0016875946494005715,0.0004515673704924167
23,3,745,0.013601194135844707,0.00024103412579279393,0.9980164766311646,0.0016875946494005715,0.0004515673704924167
23,4,505,0.012737534940242767,0.0003766444860957563,0.9931493997573853,0.0016875946494005715,0.0004515673704924167
23,hard_routed_overall,3949,0.00847089197486639,0.0001769644586602226,0.998805582523346,0.0016875946494005715,0.0004515673704924167
24,1,2047,0.010125928558409214,0.00024402778944931924,0.9286998510360718,0.0016875946494005715,0.0005724930257612516
24,2,652,0.005443287547677755,3.712036777869798e-05,0.9976990818977356,0.0016875946494005715,0.0005724930257612516
24,3,745,0.010670284740626812,0.000198053996427916,0.9983701705932617,0.0016875946494005715,0.0005724930257612516
24,4,505,0.011799430474638939,0.00027148102526552975,0.9950621724128723,0.0016875946494005715,0.0005724930257612516
24,hard_routed_overall,3949,0.009669504128396511,0.00020470385788939893,0.9986183643341064,0.0016875946494005715,0.0005724930257612516
25,1,2047,0.007231949362903833,8.941380656324327e-05,0.9738750457763672,0.0016875946494005715,0.0005048929829025574
25,2,652,0.004007531795650721,2.7950198273174465e-05,0.9982674717903137,0.0016875946494005715,0.0005048929829025574
25,3,745,0.014733372256159782,0.0003049782826565206,0.9974902868270874,0.0016875946494005715,0.0005048929829025574
25,4,505,0.00835737306624651,0.00013205110735725611,0.9975981712341309,0.0016875946494005715,0.0005048929829025574
25,hard_routed_overall,3949,0.00825868546962738,0.00012538573355413973,0.999153733253479,0.0016875946494005715,0.0005048929829025574
26,1,2047,0.018429890275001526,0.0012490862281993032,0.6350414752960205,0.0016875946494005715,0.00036129283656801786
26,2,652,0.0029521179385483265,2.546122414059937e-05,0.9984217882156372,0.0016875946494005715,0.00036129283656801786
26,3,745,0.01294626109302044,0.0003941735194530338,0.9967562556266785,0.0016875946494005715,0.00036129283656801786
26,4,505,0.030709359794855118,0.001196697703562677,0.9782338738441467,0.0016875946494005715,0.00036129283656801786
26,hard_routed_overall,3949,0.01641021855175495,0.0008790763095021248,0.9940666556358337,0.0016875946494005715,0.00036129283656801786
27,1,2047,0.005416656844317913,4.380702011985704e-05,0.9872004389762878,0.0016875946494005715,0.0006632087414829819
27,2,652,0.0015783661510795355,5.328226961864857e-06,0.9996697306632996,0.0016875946494005715,0.0006632087414829819
27,3,745,0.03813334181904793,0.0022968912962824106,0.9810985326766968,0.0016875946494005715,0.0006632087414829819
27,4,505,0.027931494638323784,0.0009688581340014935,0.9823779463768005,0.0016875946494005715,0.0006632087414829819
27,hard_routed_overall,3949,0.01383432187139988,0.0005808064015582204,0.9960798025131226,0.0016875946494005715,0.0006632087414829819
28,1,2047,0.011949802748858929,0.0002067429304588586,0.9395937919616699,0.0016875946494005715,0.0004084733419374736
28,2,652,0.002587560098618269,8.986383363662753e-06,0.999442994594574,0.0016875946494005715,0.0004084733419374736
28,3,745,0.014682934619486332,0.0003373442741576582,0.9972239136695862,0.0016875946494005715,0.0004084733419374736
28,4,505,0.008245794102549553,0.00018888706108555198,0.9965644478797913,0.0016875946494005715,0.0004084733419374736
28,hard_routed_overall,3949,0.010445998050272465,0.00019644755229819566,0.9986740946769714,0.0016875946494005715,0.0004084733419374736
29,1,2047,0.009321155957877636,0.00011645626364042982,0.9659737348556519,0.0016875946494005715,0.00026067700028145353
29,2,652,0.006995603442192078,7.40893156034872e-05,0.9954075217247009,0.0016875946494005715,0.00026067700028145353
29,3,745,0.009549383074045181,0.00014777915203012526,0.9987838864326477,0.0016875946494005715,0.00026067700028145353
29,4,505,0.006648395210504532,9.535196295473725e-05,0.9982656836509705,0.0016875946494005715,0.00026067700028145353
29,hard_routed_overall,3949,0.008638456463813782,0.00011267167428741232,0.9992395043373108,0.0016875946494005715,0.00026067700028145353
30,1,2047,0.0032038227654993534,2.7074294848716818e-05,0.9920894503593445,0.0016875946494005715,0.00033833299793543356
30,2,652,0.0014083668356761336,3.979767825512681e-06,0.9997532963752747,0.0016875946494005715,0.00033833299793543356
30,3,745,0.013809751719236374,0.00026387389516457915,0.9978285431861877,0.0016875946494005715,0.00033833299793543356
30,4,505,0.022533325478434563,0.0007361070020124316,0.9866113066673279,0.0016875946494005715,0.00033833299793543356
30,hard_routed_overall,3949,0.007380114868283272,0.00015860622806940228,0.998929500579834,0.0016875946494005715,0.00033833299793543356
31,1,2047,0.005755998194217682,6.0715970903402194e-05,0.98225998878479,0.0016875946494005715,0.00034520173604476204
31,2,652,0.0016448963433504105,4.746270860778168e-06,0.9997057914733887,0.0016875946494005715,0.00034520173604476204
31,3,745,0.010909611359238625,0.00014941096014808863,0.9987704753875732,0.0016875946494005715,0.00034520173604476204
31,4,505,0.01424157153815031,0.00033517007250338793,0.9939037561416626,0.0016875946494005715,0.00034520173604476204
31,hard_routed_overall,3949,0.007134630344808102,0.00010330519580747932,0.9993027448654175,0.0016875946494005715,0.00034520173604476204
32,1,2047,0.004290675278753042,3.076647044508718e-05,0.9910106658935547,0.0016875946494005715,0.00020851280442002462
32,2,652,0.0019719458650797606,7.34128389012767e-06,0.9995449185371399,0.0016875946494005715,0.00020851280442002462
32,3,745,0.012501542456448078,0.00020305239013396204,0.9983290433883667,0.0016875946494005715,0.00020851280442002462
32,4,505,0.010529971681535244,0.000329534086631611,0.9940062761306763,0.0016875946494005715,0.00020851280442002462
32,hard_routed_overall,3949,0.006254749838262796,9.760806278791279e-05,0.9993411898612976,0.0016875946494005715,0.00020851280442002462
33,1,2047,0.007541186176240444,0.00012646317190956324,0.9630499482154846,0.0016875946494005715,0.00029799602455774047
33,2,652,0.005572951398789883,4.20615506300237e-05,0.9973927736282349,0.0016875946494005715,0.00029799602455774047
33,3,745,0.007744227070361376,8.991910726763308e-05,0.9992600679397583,0.0016875946494005715,0.00029799602455774047
33,4,505,0.015980932861566544,0.00040327158058062196,0.9926651120185852,0.0016875946494005715,0.00029799602455774047
33,hard_routed_overall,3949,0.008333804085850716,0.00014103220019023865,0.999048113822937,0.0016875946494005715,0.00029799602455774047
34,1,2047,0.017118964344263077,0.0004917357000522316,0.8563244938850403,0.0016875946494005715,0.0007575073441623845
34,2,652,0.005545774474740028,3.996579107479192e-05,0.9975227117538452,0.0016875946494005715,0.0007575073441623845
34,3,745,0.026073332875967026,0.0010785083286464214,0.9911248087882996,0.0016875946494005715,0.0007575073441623845
34,4,505,0.01264614425599575,0.00033584132324904203,0.9938915371894836,0.0016875946494005715,0.0007575073441623845
34,hard_routed_overall,3949,0.01632547378540039,0.0005079081165604293,0.9965718388557434,0.0016875946494005715,0.0007575073441623845
35,1,2047,0.024057641625404358,0.0012885750038549304,0.6235036849975586,0.0016875946494005715,0.0007940375032757724
35,2,652,0.0028011377435177565,2.11641781788785e-05,0.9986881017684937,0.0016875946494005715,0.0007940375032757724
35,3,745,0.01732965186238289,0.0004367431392893195,0.9964059591293335,0.0016875946494005715,0.0007940375032757724
35,4,505,0.02192123420536518,0.0008258354500867426,0.9849792718887329,0.0016875946494005715,0.0007940375032757724
35,hard_routed_overall,3949,0.019005607813596725,0.0008594409446232021,0.9941991567611694,0.0016875946494005715,0.0007940375032757724
36,1,2047,0.013368416577577591,0.0003302952682133764,0.9034941792488098,0.0016875946494005715,0.0007702570752195654
36,2,652,0.0026610952336341143,1.1371676919225138e-05,0.9992951154708862,0.0016875946494005715,0.0007702570752195654
36,3,745,0.014158563688397408,0.00028791584190912545,0.9976307153701782,0.0016875946494005715,0.0007702570752195654
36,4,505,0.012999134138226509,0.0004575215280056,0.9916783571243286,0.0016875946494005715,0.0007702570752195654
36,hard_routed_overall,3949,0.011702424846589565,0.00028591399313881993,0.998070240020752,0.0016875946494005715,0.0007702570752195654
37,1,2047,0.005988540127873421,7.817440200597048e-05,0.9771589636802673,0.0016875946494005715,0.0002417153805107509
37,2,652,0.002385135041549802,1.4721110346727073e-05,0.9990875124931335,0.0016875946494005715,0.0002417153805107509
37,3,745,0.01027620118111372,0.00016800123557914048,0.9986174702644348,0.0016875946494005715,0.0002417153805107509
37,4,505,0.0112459072843194,0.00022190062736626714,0.995963990688324,0.0016875946494005715,0.0002417153805107509
37,hard_routed_overall,3949,0.006874804850667715,0.00010302403097739443,0.9993046522140503,0.0016875946494005715,0.0002417153805107509
38,1,2047,0.05013244226574898,0.0036911179777234793,-0.07847225666046143,0.0016875946494005715,0.00042223234038007626
38,2,652,0.0033287014812231064,2.022884837060701e-05,0.9987460970878601,0.0016875946494005715,0.00042223234038007626
38,3,745,0.015810301527380943,0.0004018243635073304,0.9966933131217957,0.0016875946494005715,0.00042223234038007626
38,4,505,0.0054870364256203175,5.6016458984231576e-05,0.9989811182022095,0.0016875946494005715,0.00042223234038007626
38,hard_routed_overall,3949,0.030220573768019676,0.0019996340852230787,0.9865033626556396,0.0016875946494005715,0.00042223234038007626
39,1,2047,0.006314028054475784,0.00047897189506329596,0.8600537776947021,0.0016875946494005715,0.001704201439884679
39,2,652,0.0028229565359652042,2.5651161195128225e-05,0.9984099864959717,0.0016875946494005715,0.001704201439884679
39,3,745,0.012206275947391987,0.00025472173001617193,0.9979038238525391,0.0016875946494005715,0.001704201439884679
39,4,505,0.020132072269916534,0.0006041651940904558,0.9890111684799194,0.0016875946494005715,0.001704201439884679
39,hard_routed_overall,3949,0.008616296574473381,0.0003778301179409027,0.9974498152732849,0.0016875946494005715,0.001704201439884679
40,1,2047,0.19820769131183624,0.053889982402324677,-14.745595932006836,0.0016875946494005715,0.11967043560804497
40,2,652,0.010296826250851154,0.00015190104022622108,0.9905843734741211,0.0016875946494005715,0.11967043560804497
40,3,745,0.01606842316687107,0.00044090766459703445,0.9963716864585876,0.0016875946494005715,0.11967043560804497
40,4,505,0.003994293045252562,4.7570090828230605e-05,0.9991347789764404,0.0016875946494005715,0.11967043560804497
40,hard_routed_overall,3949,0.1079849898815155,0.02804870344698429,0.810684084892273,0.0016875946494005715,0.11967043560804497
41,1,2047,0.016437051817774773,0.00036993250250816345,0.8919129967689514,0.0016875946494005715,0.0037771593507063845
41,2,652,0.001832661684602499,5.447453077067621e-06,0.9996623396873474,0.0016875946494005715,0.0037771593507063845
41,3,745,0.00582413375377655,5.213777694734745e-05,0.9995709657669067,0.0016875946494005715,0.0037771593507063845
41,4,505,0.01383092999458313,0.0007817095029167831,0.9857819080352783,0.0016875946494005715,0.0037771593507063845
41,hard_routed_overall,3949,0.011690338142216206,0.00030245876405388117,0.9979585409164429,0.0016875946494005715,0.0037771593507063845
42,1,2047,0.009544627740979195,0.00019147871353197843,0.9440536499023438,0.0016875946494005715,0.0006737672638630629
42,2,652,0.017042549327015877,0.00032707490026950836,0.9797261357307434,0.0016875946494005715,0.0006737672638630629
42,3,745,0.024988124147057533,0.0007971536251716316,0.9934400916099548,0.0016875946494005715,0.0006737672638630629
42,4,505,0.01808587834239006,0.0004719823191408068,0.9914153814315796,0.0016875946494005715,0.0006737672638630629
42,hard_routed_overall,3949,0.014788330532610416,0.00036400111275725067,0.9975431561470032,0.0016875946494005715,0.0006737672638630629
43,1,2047,0.016357731074094772,0.0006347746821120381,0.8145313262939453,0.0016875946494005715,0.0004972686789598458
43,2,652,0.0047112153843045235,3.970101897721179e-05,0.9975391030311584,0.0016875946494005715,0.0004972686789598458
43,3,745,0.008391191251575947,0.00011082424316555262,0.9990879893302917,0.0016875946494005715,0.0004972686789598458
43,4,505,0.009945782832801342,0.00016625328862573951,0.9969760775566101,0.0016875946494005715,0.0004972686789598458
43,hard_routed_overall,3949,0.012111937627196312,0.00037776422686874866,0.9974502921104431,0.0016875946494005715,0.0004972686789598458
44,1,2047,0.002114450093358755,1.9038692698813975e-05,0.9944372773170471,0.0016875946494005715,0.4536961420019525
44,2,652,0.01779734343290329,0.00042220292380079627,0.9738295674324036,0.0016875946494005715,0.4536961420019525
44,3,745,0.38490980863571167,0.21910624206066132,-0.8030606508255005,0.0016875946494005715,0.4536961420019525
44,4,505,0.03608662262558937,0.0028789136558771133,0.9476369023323059,0.0016875946494005715,0.4536961420019525
44,hard_routed_overall,3949,0.08126454800367355,0.041783303022384644,0.7179818749427795,0.0016875946494005715,0.4536961420019525
45,1,2047,0.00804508663713932,8.379312203032896e-05,0.9755172729492188,0.0016875946494005715,0.009484416313259112
45,2,652,0.0023977404925972223,1.0514947462070268e-05,0.9993482232093811,0.0016875946494005715,0.009484416313259112
45,3,745,0.021965131163597107,0.0006912860553711653,0.9943112730979919,0.0016875946494005715,0.009484416313259112
45,4,505,0.01861107349395752,0.00047484919195994735,0.9913632273674011,0.0016875946494005715,0.009484416313259112
45,hard_routed_overall,3949,0.011089954525232315,0.00023630974465049803,0.9984050393104553,0.0016875946494005715,0.009484416313259112
46,1,2047,0.006423751823604107,0.00020361915812827647,0.9405064582824707,0.0016875946494005715,0.00025163821849292296
46,2,652,0.003691853489726782,2.8061003831680864e-05,0.9982606172561646,0.0016875946494005715,0.00025163821849292296
46,3,745,0.026319272816181183,0.0008705694344826043,0.9928359389305115,0.0016875946494005715,0.00025163821849292296
46,4,505,0.012947957962751389,0.0003995317092631012,0.9927331209182739,0.0016875946494005715,0.00025163821849292296
46,hard_routed_overall,3949,0.010560416616499424,0.00032551074400544167,0.9978029727935791,0.0016875946494005715,0.00025163821849292296
47,1,2047,0.00813633669167757,0.00011562203872017562,0.9662175178527832,0.0016875946494005715,0.0002868073552822499
47,2,652,0.002804157789796591,1.720931140880566e-05,0.9989332556724548,0.0016875946494005715,0.0002868073552822499
47,3,745,0.011787687428295612,0.0002020481479121372,0.9983373284339905,0.0016875946494005715,0.0002868073552822499
47,4,505,0.032909248024225235,0.0013555217301473022,0.9753451347351074,0.0016875946494005715,0.0002868073552822499
47,hard_routed_overall,3949,0.011112784966826439,0.0002742373326327652,0.998149037361145,0.0016875946494005715,0.0002868073552822499
48,1,2047,0.007611842360347509,6.672558811260387e-05,0.9805040955543518,0.0016875946494005715,0.0002317481465715607
48,2,652,0.0018009607447311282,5.371631687012268e-06,0.9996670484542847,0.0016875946494005715,0.0002317481465715607
48,3,745,0.009249023161828518,0.00013781682355329394,0.9988659024238586,0.0016875946494005715,0.0002317481465715607
48,4,505,0.010383358225226402,0.0001650794001761824,0.9969974756240845,0.0016875946494005715,0.0002317481465715607
48,hard_routed_overall,3949,0.007315721828490496,8.258501475211233e-05,0.9994425773620605,0.0016875946494005715,0.0002317481465715607
49,1,2047,0.00356420804746449,7.404303323710337e-05,0.9783660769462585,0.0016875946494005715,0.00022273230939801226
49,2,652,0.0026093535125255585,1.1556104254850652e-05,0.9992836713790894,0.0016875946494005715,0.00022273230939801226
49,3,745,0.010341798886656761,0.00015845717280171812,0.9986960291862488,0.0016875946494005715,0.00022273230939801226
49,4,505,0.009222706779837608,0.00011977112444583327,0.997821569442749,0.0016875946494005715,0.00022273230939801226
49,hard_routed_overall,3949,0.005408797413110733,8.549902850063518e-05,0.9994229078292847,0.0016875946494005715,0.00022273230939801226
50,1,2047,0.00413033552467823,3.055831984966062e-05,0.9910714626312256,0.0016875946494005715,0.00025353376329275627
50,2,652,0.005877011921256781,5.06402830069419e-05,0.9968610405921936,0.0016875946494005715,0.00025353376329275627
50,3,745,0.011856921017169952,0.0002252980339108035,0.9981459975242615,0.0016875946494005715,0.00025353376329275627
50,4,505,0.016508832573890686,0.0005399173242039979,0.990179717540741,0.0016875946494005715,0.00025353376329275627
50,hard_routed_overall,3949,0.007459351327270269,0.00013574972399510443,0.9990837574005127,0.0016875946494005715,0.00025353376329275627
51,1,2047,0.0035666469484567642,1.9724377125385217e-05,0.994236946105957,0.0016875946494005715,0.00016942808759913238
51,2,652,0.007601018529385328,0.00014687288785353303,0.9908960461616516,0.0016875946494005715,0.00016942808759913238
51,3,745,0.019836170598864555,0.0005202454049140215,0.9957188367843628,0.0016875946494005715,0.00016942808759913238
51,4,505,0.01129845716059208,0.00020655903790611774,0.9962430000305176,0.0016875946494005715,0.00016942808759913238
51,hard_routed_overall,3949,0.008290821686387062,0.00015903569874353707,0.99892657995224,0.0016875946494005715,0.00016942808759913238
52,1,2047,0.014123366214334965,0.00027483576559461653,0.9196983575820923,0.0016875946494005715,0.00042223349508628506
52,2,652,0.0036338670179247856,2.904721986851655e-05,0.9981995224952698,0.0016875946494005715,0.00042223349508628506
52,3,745,0.011428928934037685,0.00018690450815483928,0.9984619617462158,0.0016875946494005715,0.00042223349508628506
52,4,505,0.0124140540137887,0.0003341459378134459,0.9939224123954773,0.0016875946494005715,0.00042223349508628506
52,hard_routed_overall,3949,0.011664588935673237,0.0002252507401863113,0.9984796643257141,0.0016875946494005715,0.00042223349508628506
53,1,2047,0.002495866734534502,1.729383620840963e-05,0.994947075843811,0.0016875946494005715,0.00029147902316781845
53,2,652,0.004371349234133959,2.824202056217473e-05,0.9982494115829468,0.0016875946494005715,0.00029147902316781845
53,3,745,0.011177144944667816,0.00018483996973372996,0.9984789490699768,0.0016875946494005715,0.00029147902316781845
53,4,505,0.012106772512197495,0.0002035780780715868,0.9962972402572632,0.0016875946494005715,0.00029147902316781845
53,hard_routed_overall,3949,0.005672335159033537,7.453202124452218e-05,0.9994969367980957,0.0016875946494005715,0.00029147902316781845
54,1,2047,0.0023144790902733803,1.2768464330292773e-05,0.9962692856788635,0.0016875946494005715,0.0003129110715352938
54,2,652,0.003278316231444478,2.2566973711946048e-05,0.9986011981964111,0.0016875946494005715,0.0003129110715352938
54,3,745,0.012167629785835743,0.0002060042752418667,0.9983047842979431,0.0016875946494005715,0.0003129110715352938
54,4,505,0.009731964208185673,0.000138725561555475,0.9974768161773682,0.0016875946494005715,0.0003129110715352938
54,hard_routed_overall,3949,0.005281015299260616,6.694866897305474e-05,0.9995481371879578,0.0016875946494005715,0.0003129110715352938
55,1,2047,0.007446519564837217,0.00010266834578942508,0.970002293586731,0.0016875946494005715,0.00016634055373287993
55,2,652,0.00711894640699029,8.653728582430631e-05,0.9946359395980835,0.0016875946494005715,0.00016634055373287993
55,3,745,0.01007823459804058,0.0001553988258820027,0.998721182346344,0.0016875946494005715,0.00016634055373287993
55,4,505,0.008481658063828945,0.0001720884902169928,0.9968699812889099,0.0016875946494005715,0.00016634055373287993
55,hard_routed_overall,3949,0.008021296933293343,0.00011883039405802265,0.9991979598999023,0.0016875946494005715,0.00016634055373287993
56,1,2047,0.00230715936049819,2.613641117932275e-05,0.992363452911377,0.0016875946494005715,0.10799217329346697
56,2,652,0.22329571843147278,0.09179273992776871,-4.689813137054443,0.0016875946494005715,0.10799217329346697
56,3,745,0.007393854670226574,8.215058915084228e-05,0.9993239641189575,0.0016875946494005715,0.10799217329346697
56,4,505,0.010375626385211945,0.0001486437686253339,0.9972963929176331,0.0016875946494005715,0.10799217329346697
56,hard_routed_overall,3949,0.04078492149710655,0.01520350482314825,0.8973833322525024,0.0016875946494005715,0.10799217329346697
57,1,2047,0.010159636847674847,0.000128959771245718,0.9623205065727234,0.0016875946494005715,0.0015306747648742936
57,2,652,0.005425454117357731,5.00391615787521e-05,0.9968982934951782,0.0016875946494005715,0.0015306747648742936
57,3,745,0.009133316576480865,0.00013458734611049294,0.9988924860954285,0.0016875946494005715,0.0015306747648742936
57,4,505,0.006394215393811464,0.00010004993237089366,0.9981802701950073,0.0016875946494005715,0.0015306747648742936
57,hard_routed_overall,3949,0.008702855557203293,0.00011329424160066992,0.9992353320121765,0.0016875946494005715,0.0015306747648742936
58,1,2047,0.005761443171650171,7.754965918138623e-05,0.9773415327072144,0.0016875946494005715,0.00022373786223104088
58,2,652,0.0026617934927344322,9.738472726894543e-06,0.9993963837623596,0.0016875946494005715,0.00022373786223104088
58,3,745,0.01097056269645691,0.00019916471501346678,0.9983610510826111,0.0016875946494005715,0.00022373786223104088
58,4,505,0.012645693495869637,0.0002432469482300803,0.9955757260322571,0.0016875946494005715,0.00022373786223104088
58,hard_routed_overall,3949,0.007112764287739992,0.00011048647138522938,0.9992542862892151,0.0016875946494005715,0.00022373786223104088
59,1,2047,0.002619669307023287,1.8806467778631486e-05,0.9945051074028015,0.0016875946494005715,0.0002073101935996918
59,2,652,0.0024480142164975405,8.958512808021624e-06,0.9994447231292725,0.0016875946494005715,0.0002073101935996918
59,3,745,0.011639147996902466,0.00018211691349279135,0.9985013008117676,0.0016875946494005715,0.0002073101935996918
59,4,505,0.015609201975166798,0.00046140403719618917,0.9916077852249146,0.0016875946494005715,0.0002073101935996918
59,hard_routed_overall,3949,0.005954009015113115,0.0001045895041897893,0.9992940425872803,0.0016875946494005715,0.0002073101935996918
60,1,2047,0.0052361744455993176,4.5813550968887284e-05,0.9866141676902771,0.0016875946494005715,0.0005235509674563336
60,2,652,0.0025774661917239428,1.3961785043647978e-05,0.9991346001625061,0.0016875946494005715,0.0005235509674563336
60,3,745,0.017907682806253433,0.000567183771636337,0.9953325390815735,0.0016875946494005715,0.0005235509674563336
60,4,505,0.04810197278857231,0.004543376620858908,0.9173628091812134,0.0016875946494005715,0.0005235509674563336
60,hard_routed_overall,3949,0.012669455260038376,0.0007140645175240934,0.9951803684234619,0.0016875946494005715,0.0005235509674563336
61,1,2047,0.003761045401915908,2.867285002139397e-05,0.9916223287582397,0.0016875946494005715,0.05603248822691028
61,2,652,0.0018332315376028419,5.347477781469934e-06,0.999668538570404,0.0016875946494005715,0.05603248822691028
61,3,745,0.006157331168651581,5.5298543884418905e-05,0.9995449185371399,0.0016875946494005715,0.05603248822691028
61,4,505,0.02363906055688858,0.0009578782483004034,0.9825776219367981,0.0016875946494005715,0.05603248822691028
61,hard_routed_overall,3949,0.00643683597445488,0.00014867204299662262,0.9989965558052063,0.0016875946494005715,0.05603248822691028
62,1,2047,0.0035622904542833567,6.084150663809851e-05,0.9822233319282532,0.0016875946494005715,0.00018201475209465452
62,2,652,0.0021368234883993864,7.533624739153311e-06,0.9995329976081848,0.0016875946494005715,0.00018201475209465452
62,3,745,0.008327845484018326,9.728730219649151e-05,0.999199390411377,0.0016875946494005715,0.00018201475209465452
62,4,505,0.007339716423302889,0.00010574949556030333,0.9980765581130981,0.0016875946494005715,0.00018201475209465452
62,hard_routed_overall,3949,0.004709045402705669,6.465864862548187e-05,0.9995635747909546,0.0016875946494005715,0.00018201475209465452
63,1,2047,0.003380935173481703,2.0638217392843217e-05,0.9939699172973633,0.0016875946494005715,0.00018752694714132832
63,2,652,0.0014152958756312728,3.105566293015727e-06,0.9998074769973755,0.0016875946494005715,0.00018752694714132832
63,3,745,0.015004230663180351,0.00033002582495100796,0.9972841739654541,0.0016875946494005715,0.00018752694714132832
63,4,505,0.013269280083477497,0.00023524960852228105,0.995721161365509,0.0016875946494005715,0.00018752694714132832
63,hard_routed_overall,3949,0.006513721309602261,0.0001035557288560085,0.9993010759353638,0.0016875946494005715,0.00018752694714132832
64,1,2047,0.0013060037745162845,5.720284207200166e-06,0.9983286261558533,0.0016875946494005715,0.00018586227176250935
64,2,652,0.0021871323697268963,7.164760063460562e-06,0.9995558857917786,0.0016875946494005715,0.00018586227176250935
64,3,745,0.016083722934126854,0.0004331972450017929,0.9964351654052734,0.0016875946494005715,0.00018586227176250935
64,4,505,0.007221101317554712,8.448879088973626e-05,0.9984632730484009,0.0016875946494005715,0.00018586227176250935
64,hard_routed_overall,3949,0.004995803814381361,9.667754056863487e-05,0.999347448348999,0.0016875946494005715,0.00018586227176250935
65,1,2047,0.003342911833897233,4.2459432734176517e-05,0.9875941872596741,0.0016875946494005715,0.00017923949786974493
65,2,652,0.0019846204668283463,5.926001449552132e-06,0.9996326565742493,0.0016875946494005715,0.00017923949786974493
65,3,745,0.023594023659825325,0.000660271558444947,0.9945665001869202,0.0016875946494005715,0.00017923949786974493
65,4,505,0.006869923323392868,6.751035107299685e-05,0.9987720847129822,0.0016875946494005715,0.00017923949786974493
65,hard_routed_overall,3949,0.007390168029814959,0.0001561846729600802,0.9989458322525024,0.0016875946494005715,0.00017923949786974493
66,1,2047,0.00635389843955636,6.506899808300659e-05,0.9809881448745728,0.0016875946494005715,0.0001298914507529961
66,2,652,0.001096615451388061,2.2020826691004913e-06,0.9998635053634644,0.0016875946494005715,0.0001298914507529961
66,3,745,0.00967345479875803,0.00017625157488510013,0.9985495805740356,0.0016875946494005715,0.0001298914507529961
66,4,505,0.007784715853631496,0.00014751219714526087,0.9973169565200806,0.0016875946494005715,0.0001298914507529961
66,hard_routed_overall,3949,0.0062951198779046535,8.620740845799446e-05,0.9994181394577026,0.0016875946494005715,0.0001298914507529961
67,1,2047,0.004041928797960281,3.128544267383404e-05,0.9908590316772461,0.0016875946494005715,0.0001821613643715541
67,2,652,0.001304667443037033,2.743083541645319e-06,0.9998299479484558,0.0016875946494005715,0.0001821613643715541
67,3,745,0.008584191091358662,0.0001330887753283605,0.9989047646522522,0.0016875946494005715,0.0001821613643715541
67,4,505,0.00762540427967906,8.485252328682691e-05,0.9984566569328308,0.0016875946494005715,0.0001821613643715541
67,hard_routed_overall,3949,0.004905171692371368,5.262888589641079e-05,0.9996447563171387,0.0016875946494005715,0.0001821613643715541
68,1,2047,0.013222971931099892,0.00026318657910451293,0.9231020212173462,0.0016875946494005715,0.00017747093956601138
68,2,652,0.0016856727888807654,4.505915057961829e-06,0.9997206926345825,0.0016875946494005715,0.00017747093956601138
68,3,745,0.00928211584687233,0.00014246474893298,0.9988276362419128,0.0016875946494005715,0.00017747093956601138
68,4,505,0.0037546660751104355,2.6309435270377435e-05,0.9995214939117432,0.0016875946494005715,0.00017747093956601138
68,hard_routed_overall,3949,0.009363830089569092,0.00016741029685363173,0.9988700747489929,0.0016875946494005715,0.00017747093956601138
69,1,2047,0.003130071796476841,1.1401892152207438e-05,0.9966685771942139,0.0016875946494005715,0.0001779174071118412
69,2,652,0.0026842751540243626,1.157217047875747e-05,0.999282717704773,0.0016875946494005715,0.0001779174071118412
69,3,745,0.01163510326296091,0.00021504411415662616,0.9982303380966187,0.0016875946494005715,0.0001779174071118412
69,4,505,0.01352656539529562,0.0003740497922990471,0.9931966066360474,0.0016875946494005715,0.0001779174071118412
69,hard_routed_overall,3949,0.005990496836602688,9.622379729989916e-05,0.9993505477905273,0.0016875946494005715,0.0001779174071118412
70,1,2047,0.005953202955424786,7.573070615762845e-05,0.9778729677200317,0.0016875946494005715,0.00016562896058941635
70,2,652,0.0020661484450101852,6.597295396204572e-06,0.999591052532196,0.0016875946494005715,0.00016562896058941635
70,3,745,0.008016889914870262,9.501122258370742e-05,0.9992181658744812,0.0016875946494005715,0.00016562896058941635
70,4,505,0.00762610649690032,0.00012163171777501702,0.9977877140045166,0.0016875946494005715,0.00016562896058941635
70,hard_routed_overall,3949,0.005914687644690275,7.38236412871629e-05,0.9995017051696777,0.0016875946494005715,0.00016562896058941635
71,1,2047,0.0048349290154874325,5.8240086218575016e-05,0.982983410358429,0.0016875946494005715,0.0002055098219634308
71,2,652,0.0017684720223769546,4.941332463204162e-06,0.9996936917304993,0.0016875946494005715,0.0002055098219634308
71,3,745,0.008918149396777153,0.00013826909707859159,0.9988621473312378,0.0016875946494005715,0.0002055098219634308
71,4,505,0.005921526812016964,5.3184419812168926e-05,0.9990326762199402,0.0016875946494005715,0.0002055098219634308
71,hard_routed_overall,3949,0.00523791741579771,6.389156624209136e-05,0.99956876039505,0.0016875946494005715,0.0002055098219634308
72,1,2047,0.005514570511877537,6.82951431372203e-05,0.98004549741745,0.0016875946494005715,0.00013653375356537459
72,2,652,0.001503823441453278,3.3613584946579067e-06,0.9997916221618652,0.0016875946494005715,0.00013653375356537459
72,3,745,0.007253772113472223,8.511531632393599e-05,0.9992995858192444,0.0016875946494005715,0.00013653375356537459
72,4,505,0.005054127424955368,6.339617539197206e-05,0.9988469481468201,0.0016875946494005715,0.00013653375356537459
72,hard_routed_overall,3949,0.005121604073792696,6.012098310748115e-05,0.9995942115783691,0.0016875946494005715,0.00013653375356537459
73,1,2047,0.0011717149754986167,3.4021925330307567e-06,0.9990059733390808,0.0016875946494005715,0.0001800692448781657
73,2,652,0.0015767988516017795,5.223505468165968e-06,0.9996762275695801,0.0016875946494005715,0.0001800692448781657
73,3,745,0.010140486061573029,0.000149690211401321,0.998768150806427,0.0016875946494005715,0.0001800692448781657
73,4,505,0.009241375140845776,0.00014569240738637745,0.9973500967025757,0.0016875946494005715,0.0001800692448781657
73,hard_routed_overall,3949,0.003962554968893528,4.949706271872856e-05,0.9996659159660339,0.0016875946494005715,0.0001800692448781657
74,1,2047,0.012379067949950695,0.0003169634728692472,0.9073895215988159,0.0016875946494005715,0.00016920863072300563
74,2,652,0.0015026695327833295,3.718789685080992e-06,0.9997695088386536,0.0016875946494005715,0.00016920863072300563
74,3,745,0.016589175909757614,0.00035989683237858117,0.9970383644104004,0.0016875946494005715,0.00016920863072300563
74,4,505,0.0038886533584445715,2.4280447178171016e-05,0.9995583891868591,0.0016875946494005715,0.00016920863072300563
74,hard_routed_overall,3949,0.010291820392012596,0.00023591633362229913,0.9984076619148254,0.0016875946494005715,0.00016920863072300563
75,1,2047,0.010262354277074337,0.00018560438184067607,0.9457700252532959,0.0016875946494005715,0.0007725191744905333
75,2,652,0.0014264661585912108,5.733523721573874e-06,0.9996445775032043,0.0016875946494005715,0.0007725191744905333
75,3,745,0.01946559175848961,0.0005097331013530493,0.9958053231239319,0.0016875946494005715,0.0007725191744905333
75,4,505,0.006087066140025854,7.052346336422488e-05,0.9987173080444336,0.0016875946494005715,0.0007725191744905333
75,hard_routed_overall,3949,0.010005805641412735,0.00020233879331499338,0.9986342787742615,0.0016875946494005715,0.0007725191744905333
76,1,2047,0.014481690712273121,0.0007756123086437583,0.7733812928199768,0.0016875946494005715,0.0005880118386548636
76,2,652,0.00921293068677187,0.00013235965161584318,0.9917955994606018,0.0016875946494005715,0.0005880118386548636
76,3,745,0.03541873022913933,0.0015943222679197788,0.9868800640106201,0.0016875946494005715,0.0005880118386548636
76,4,505,0.00955452211201191,0.00010344808106310666,0.9981184601783752,0.0016875946494005715,0.0005880118386548636
76,hard_routed_overall,3949,0.01693158783018589,0.0007379053859040141,0.9950194954872131,0.0016875946494005715,0.0005880118386548636
77,1,2047,0.01585306227207184,0.0004176981165073812,0.8779568076133728,0.0016875946494005715,0.0013572147981903981
77,2,652,0.005048023071140051,7.482084765797481e-05,0.9953622221946716,0.0016875946494005715,0.0013572147981903981
77,3,745,0.009952661581337452,0.00018102287140209228,0.9985103607177734,0.0016875946494005715,0.0013572147981903981
77,4,505,0.006541379727423191,8.570072532165796e-05,0.998441219329834,0.0016875946494005715,0.0013572147981903981
77,hard_routed_overall,3949,0.011765171773731709,0.00027398127713240683,0.9981507658958435,0.0016875946494005715,0.0013572147981903981
78,1,2047,0.011992168612778187,0.0002911310875788331,0.9149371981620789,0.0016875946494005715,0.0003612964476727235
78,2,652,0.007911212742328644,0.00012302814866416156,0.992374062538147,0.0016875946494005715,0.0003612964476727235
78,3,745,0.010154635645449162,0.00019108233391307294,0.9984275698661804,0.0016875946494005715,0.0003612964476727235
78,4,505,0.0063172257505357265,7.478964835172519e-05,0.998639702796936,0.0016875946494005715,0.0003612964476727235
78,hard_routed_overall,3949,0.010246007703244686,0.00021683587692677975,0.9985364675521851,0.0016875946494005715,0.0003612964476727235
79,1,2047,0.014611280523240566,0.0003920423914678395,0.885452926158905,0.0016875946494005715,0.0004745821488247583
79,2,652,0.021135568618774414,0.0007185600697994232,0.955459713935852,0.0016875946494005715,0.0004745821488247583
79,3,745,0.009936941787600517,0.0001567119179526344,0.9987103939056396,0.0016875946494005715,0.0004745821488247583
79,4,505,0.007566438522189856,0.00010709960042731836,0.9980520009994507,0.0016875946494005715,0.0004745821488247583
79,hard_routed_overall,3949,0.013905737549066544,0.00036511715734377503,0.9975356459617615,0.0016875946494005715,0.0004745821488247583
80,1,2047,0.024009421467781067,0.001523896586149931,0.5547473430633545,0.0016875946494005715,0.0004655856360078624
80,2,652,0.004131433553993702,4.2772971937665716e-05,0.9973487257957458,0.0016875946494005715,0.0004655856360078624
80,3,745,0.022574177011847496,0.0008502050768584013,0.9930035471916199,0.0016875946494005715,0.0004655856360078624
80,4,505,0.01554929930716753,0.00025999313220381737,0.9952711462974548,0.0016875946494005715,0.0004655856360078624
80,hard_routed_overall,3949,0.01937481388449669,0.000990631408058107,0.9933136701583862,0.0016875946494005715,0.0004655856360078624
81,1,2047,0.014775067567825317,0.0002677384181879461,0.9217720627784729,0.0016875946494005715,0.0007311991067845449
81,2,652,0.002546575153246522,9.363764547742903e-06,0.9994195699691772,0.0016875946494005715,0.0007311991067845449
81,3,745,0.024448784068226814,0.000782025745138526,0.9935646057128906,0.0016875946494005715,0.0007311991067845449
81,4,505,0.015829546377062798,0.00034552428405731916,0.9937154054641724,0.0016875946494005715,0.0007311991067845449
81,hard_routed_overall,3949,0.01471592765301466,0.00033204976352863014,0.9977588057518005,0.0016875946494005715,0.0007311991067845449
82,1,2047,0.004947085399180651,9.071742533706129e-05,0.9734941720962524,0.0016875946494005715,0.00025445367179688014
82,2,652,0.0016413802513852715,5.7991182984551415e-06,0.9996405243873596,0.0016875946494005715,0.00025445367179688014
82,3,745,0.010441618040204048,0.00015698710922151804,0.9987081289291382,0.0016875946494005715,0.00025445367179688014
82,4,505,0.017719483003020287,0.0004264483868610114,0.9922435283660889,0.0016875946494005715,0.00025445367179688014
82,hard_routed_overall,3949,0.007071210537105799,0.00013213255442678928,0.9991081953048706,0.0016875946494005715,0.00025445367179688014
83,1,2047,0.019528767094016075,0.0007778822327964008,0.772718071937561,0.0016875946494005715,0.00018210483117840222
83,2,652,0.0021636218298226595,6.206909347383771e-06,0.9996152520179749,0.0016875946494005715,0.00018210483117840222
83,3,745,0.015522164292633533,0.0003832089132629335,0.9968464970588684,0.0016875946494005715,0.00018210483117840222
83,4,505,0.004836732987314463,3.930579623556696e-05,0.999285101890564,0.0016875946494005715,0.00018210483117840222
83,hard_routed_overall,3949,0.014027002267539501,0.0004815680149476975,0.9967496395111084,0.0016875946494005715,0.00018210483117840222
84,1,2047,0.04012863710522652,0.0025894830469042063,0.24340391159057617,0.0016875946494005715,0.026444162052822292
84,2,652,0.00166612328030169,3.963379640481435e-06,0.9997543096542358,0.0016875946494005715,0.026444162052822292
84,3,745,0.012635772116482258,0.00026802561478689313,0.9977943897247314,0.0016875946494005715,0.026444162052822292
84,4,505,0.010288141667842865,0.00016794186376500875,0.9969453811645508,0.0016875946494005715,0.026444162052822292
84,hard_routed_overall,3949,0.024775587022304535,0.0014149773633107543,0.9904495477676392,0.0016875946494005715,0.026444162052822292
85,1,2047,0.013708963058888912,0.0005839986260980368,0.8293670415878296,0.0016875946494005715,0.0004725655006979885
85,2,652,0.0010325276525691152,1.7639346197029226e-06,0.9998906850814819,0.0016875946494005715,0.0004725655006979885
85,3,745,0.013831375166773796,0.00032670071232132614,0.997311532497406,0.0016875946494005715,0.0004725655006979885
85,4,505,0.011007812805473804,0.0001479198836022988,0.9973095655441284,0.0016875946494005715,0.0004725655006979885
85,hard_routed_overall,3949,0.011293688789010048,0.0003835621173493564,0.9974111318588257,0.0016875946494005715,0.0004725655006979885
86,1,2047,0.006236422806978226,5.243499617790803e-05,0.9846795201301575,0.0016875946494005715,0.00025299036411935606
86,2,652,0.001480588922277093,4.305400580051355e-06,0.9997331500053406,0.0016875946494005715,0.00025299036411935606
86,3,745,0.006041463930159807,5.723928188672289e-05,0.9995289444923401,0.0016875946494005715,0.00025299036411935606
86,4,505,0.009790852665901184,0.0001442857028450817,0.9973756670951843,0.0016875946494005715,0.00025299036411935606
86,hard_routed_overall,3949,0.0058689727447927,5.7140819990308955e-05,0.9996142983436584,0.0016875946494005715,0.00025299036411935606
87,1,2047,0.002483092015609145,1.2760308891301975e-05,0.9962716698646545,0.0016875946494005715,0.0001604149237532364
87,2,652,0.0021953058894723654,9.029635293700267e-06,0.9994403123855591,0.0016875946494005715,0.0001604149237532364
87,3,745,0.009880068711936474,0.0001803874911274761,0.9985155463218689,0.0016875946494005715,0.0001604149237532364
87,4,505,0.004973003640770912,5.929897088208236e-05,0.9989214539527893,0.0016875946494005715,0.0001604149237532364
87,hard_routed_overall,3949,0.004149467684328556,4.971950329490937e-05,0.9996644258499146,0.0016875946494005715,0.0001604149237532364
88,1,2047,0.004051315598189831,2.2216616343939677e-05,0.9935087561607361,0.0016875946494005715,0.00015953339052723623
88,2,652,0.004390891175717115,3.023387944267597e-05,0.9981259107589722,0.0016875946494005715,0.00015953339052723623
88,3,745,0.04236000031232834,0.0022780911531299353,0.9812532067298889,0.0016875946494005715,0.00015953339052723623
88,4,505,0.003593653440475464,1.9420460375840776e-05,0.999646782875061,0.0016875946494005715,0.00015953339052723623
88,hard_routed_overall,3949,0.011275993660092354,0.0004487655241973698,0.9969710111618042,0.0016875946494005715,0.00015953339052723623
89,1,2047,0.0038093451876193285,3.189980998286046e-05,0.9906795024871826,0.0016875946494005715,0.0003302454067506328
89,2,652,0.00934313889592886,0.0001393612619722262,0.9913616180419922,0.0016875946494005715,0.0003302454067506328
89,3,745,0.018455548211932182,0.0004554270126391202,0.9962522387504578,0.0016875946494005715,0.0003302454067506328
89,4,505,0.0038314759731292725,4.2463536374270916e-05,0.9992276430130005,0.0016875946494005715,0.0003302454067506328
89,hard_routed_overall,3949,0.007488917093724012,0.00013089380809105933,0.9991165399551392,0.0016875946494005715,0.0003302454067506328
90,1,2047,0.003014178015291691,1.683203663560562e-05,0.9950820207595825,0.0016875946494005715,0.00017286029880427036
90,2,652,0.0013951470609754324,4.660182639781851e-06,0.9997111558914185,0.0016875946494005715,0.00017286029880427036
90,3,745,0.010044235736131668,0.0001419752079527825,0.9988316893577576,0.0016875946494005715,0.00017286029880427036
90,4,505,0.014141334220767021,0.0002726970997173339,0.9950400590896606,0.0016875946494005715,0.00017286029880427036
90,hard_routed_overall,3949,0.0054960716515779495,7.115148036973551e-05,0.9995197653770447,0.0016875946494005715,0.00017286029880427036
91,1,2047,0.003613787004724145,2.160676012863405e-05,0.9936869144439697,0.0016875946494005715,0.00025015930236071244
91,2,652,0.0035100860986858606,1.748591603245586e-05,0.9989161491394043,0.0016875946494005715,0.00025015930236071244
91,3,745,0.036772094666957855,0.0017244669143110514,0.9858090877532959,0.0016875946494005715,0.00025015930236071244
91,4,505,0.004339802078902721,4.836048174183816e-05,0.9991204142570496,0.0016875946494005715,0.00025015930236071244
91,hard_routed_overall,3949,0.00994499959051609,0.0003456013510003686,0.9976673722267151,0.0016875946494005715,0.00025015930236071244
92,1,2047,0.0021915463730692863,1.612370033399202e-05,0.9952889680862427,0.0016875946494005715,0.00024303702822738073
92,2,652,0.0036859235260635614,1.90534792636754e-05,0.9988189339637756,0.0016875946494005715,0.00024303702822738073
92,3,745,0.012921446934342384,0.0002177463611587882,0.9982081055641174,0.0016875946494005715,0.00024303702822738073
92,4,505,0.007127645891159773,9.281659731641412e-05,0.9983118176460266,0.0016875946494005715,0.00024303702822738073
92,hard_routed_overall,3949,0.005093759391456842,6.44521351205185e-05,0.9995650053024292,0.0016875946494005715,0.00024303702822738073
93,1,2047,0.004227437078952789,3.0316385164042003e-05,0.9911421537399292,0.0016875946494005715,0.00017390787522139539
93,2,652,0.0024100015871226788,8.321435416291934e-06,0.9994841814041138,0.0016875946494005715,0.00017390787522139539
93,3,745,0.01329532079398632,0.0002382748934905976,0.998039186000824,0.0016875946494005715,0.00017390787522139539
93,4,505,0.01153971441090107,0.00024307628336828202,0.9955788254737854,0.0016875946494005715,0.00017390787522139539
93,hard_routed_overall,3949,0.006573171820491552,9.312522888649255e-05,0.9993714690208435,0.0016875946494005715,0.00017390787522139539
94,1,2047,0.010257684625685215,0.00020825484534725547,0.9391520023345947,0.0016875946494005715,0.0001221335577933895
94,2,652,0.0015626001404598355,4.474852630664827e-06,0.9997225999832153,0.0016875946494005715,0.0001221335577933895
94,3,745,0.004203056450933218,4.029064439237118e-05,0.9996684193611145,0.0016875946494005715,0.0001221335577933895
94,4,505,0.014552059583365917,0.00022632403124589473,0.9958835244178772,0.0016875946494005715,0.0001221335577933895
94,hard_routed_overall,3949,0.008229010738432407,0.00014523307618219405,0.9990197420120239,0.0016875946494005715,0.0001221335577933895
95,1,2047,0.008195673115551472,0.00020450327428989112,0.9402481317520142,0.0016875946494005715,0.00030386279048534267
95,2,652,0.02232147566974163,0.0010691701900213957,0.9337270259857178,0.0016875946494005715,0.00030386279048534267
95,3,745,0.013518068008124828,0.00024880142882466316,0.9979525804519653,0.0016875946494005715,0.00030386279048534267
95,4,505,0.04078448563814163,0.0030162252951413393,0.9451394081115723,0.0016875946494005715,0.00030386279048534267
95,hard_routed_overall,3949,0.015699485316872597,0.0007151855970732868,0.9951727986335754,0.0016875946494005715,0.00030386279048534267
96,1,2047,0.0016813203692436218,1.0303893759555649e-05,0.9969894289970398,0.0016875946494005715,0.0003115995873046021
96,2,652,0.014182859100401402,0.00035569744068197906,0.9779519438743591,0.0016875946494005715,0.0003115995873046021
96,3,745,0.014159731566905975,0.0002624952467158437,0.9978398680686951,0.0016875946494005715,0.0003115995873046021
96,4,505,0.007282913196831942,7.556998752988875e-05,0.9986255168914795,0.0016875946494005715,0.0003115995873046021
96,hard_routed_overall,3949,0.006815841421484947,0.0001232536305906251,0.9991680979728699,0.0016875946494005715,0.0003115995873046021
97,1,2047,0.0030547515489161015,1.4035746062290855e-05,0.9958990216255188,0.0016875946494005715,0.00021384631600085413
97,2,652,0.0027453324291855097,9.96794733509887e-06,0.9993821382522583,0.0016875946494005715,0.00021384631600085413
97,3,745,0.018764059990644455,0.0004457176837604493,0.9963321089744568,0.0016875946494005715,0.00021384631600085413
97,4,505,0.012334814295172691,0.00019000981410499662,0.9965440034866333,0.0016875946494005715,0.00021384631600085413
97,hard_routed_overall,3949,0.007154048886150122,0.0001173068885691464,0.9992082118988037,0.0016875946494005715,0.00021384631600085413
98,1,2047,0.0049942913465201855,3.7142530345590785e-05,0.9891476631164551,0.0016875946494005715,0.013081940270709427
98,2,652,0.004256482236087322,2.0861516532022506e-05,0.9987068772315979,0.0016875946494005715,0.013081940270709427
98,3,745,0.46583038568496704,0.2635444700717926,-1.1687500476837158,0.0016875946494005715,0.013081940270709427
98,4,505,0.010776071809232235,0.00017303512140642852,0.9968527555465698,0.0016875946494005715,0.013081940270709427
98,hard_routed_overall,3949,0.09255104511976242,0.04976389929652214,0.6641165018081665,0.0016875946494005715,0.013081940270709427
99,1,2047,0.0025276392698287964,1.0610285244183615e-05,0.9968999028205872,0.0016875946494005715,0.002520005328293454
99,2,652,0.006129785440862179,7.709320198046044e-05,0.9952213168144226,0.0016875946494005715,0.002520005328293454
99,3,745,0.019494229927659035,0.0005028319428674877,0.9958621263504028,0.0016875946494005715,0.002520005328293454
99,4,505,0.007220855448395014,0.0002005429269047454,0.9963524341583252,0.0016875946494005715,0.002520005328293454
99,hard_routed_overall,3949,0.006923380773514509,0.0001387358788633719,0.9990636110305786,0.0016875946494005715,0.002520005328293454
100,1,2047,0.011904613114893436,0.00017780203779693693,0.9480497241020203,0.0016875946494005715,0.0002233331732338317
100,2,652,0.0026527391746640205,1.0727730114012957e-05,0.9993350505828857,0.0016875946494005715,0.0002233331732338317
100,3,745,0.016428213566541672,0.0006151765119284391,0.9949375987052917,0.0016875946494005715,0.0002233331732338317
100,4,505,0.008011450991034508,0.00011534790974110365,0.997901976108551,0.0016875946494005715,0.0002233331732338317
100,hard_routed_overall,3949,0.010732623748481274,0.00022474360594060272,0.9984830617904663,0.0016875946494005715,0.0002233331732338317
